,Category,Sales
0,Furniture,349.8348869872702
1,Office Supplies,119.32410089611683
2,Technology,452.70927612344343
